https://www.facebook.com/privacy/policy/,Facebook
https://privacycenter.instagram.com/policy/,Instagram
https://www.whatsapp.com/legal/privacy-policy,WhatsApp
https://www.tesla.com/legal/privacy,Tesla App & Vehicle
https://www.amazon.com/gp/help/customer/display.html?nodeId=GX7NJQ4ZB8MHFRNJ,Amazon Shopping
https://www.uber.com/global/en/privacy/overview/,Uber
https://www.airbnb.com/help/article/2855,Airbnb
https://www.doordash.com/privacy/,DoorDash
https://www.chime.com/privacy-policy/,Chime
https://x.com/en/privacy,X (Twitter)
https://www.coinbase.com/legal/privacy,Coinbase
https://www.tiktok.com/legal/page/us/privacy-policy/en,TikTok
https://snap.com/en-US/privacy/privacy-policy,Snapchat
https://www.linkedin.com/legal/privacy-policy,LinkedIn
https://discord.com/privacy,Discord
https://telegram.org/privacy,Telegram
https://policy.pinterest.com/en/privacy-policy,Pinterest
https://www.reddit.com/policies/privacy-policy,Reddit
https://help.nextdoor.com/s/article/Privacy-policy,Nextdoor
https://www.ebayinc.com/company/privacy-center/,eBay
https://www.etsy.com/legal/privacy/,Etsy
https://www.shopify.com/legal/privacy,Shopify
https://www.instacart.com/privacy,Instacart
https://corporate.walmart.com/privacy-security/walmart-privacy-policy,Walmart.com
https://www.target.com/c/target-privacy-policy/-/N-4sr7l,Target
https://poshmark.com/privacy,Poshmark
https://www.paypal.com/us/legalhub/privacy-full,PayPal
https://venmo.com/legal/us-privacy-policy/,Venmo
https://cash.app/legal/us/en-us/privacy,Cash App
https://robinhood.com/us/en/support/articles/our-privacy-policy/,Robinhood
https://stripe.com/privacy,Stripe
https://www.klarna.com/us/privacy/,Klarna
https://www.affirm.com/privacy,Affirm
https://plaid.com/legal/privacy-statement/,Plaid
https://squareup.com/us/en/legal/general/privacy,Square
https://www.lyft.com/terms/privacy,Lyft
https://www.grubhub.com/legal/privacy-policy,Grubhub
https://www.gopuff.com/go/privacy-policy,goPuff
https://www.shipt.com/privacy-policy/,Shipt
https://help.netflix.com/legal/privacy,Netflix
https://www.spotify.com/us/legal/privacy-policy/,Spotify
https://policies.google.com/privacy,YouTube
https://www.hulu.com/privacy,Hulu
https://www.disneyplus.com/legal/privacy-policy,Disney+
https://www.twitch.tv/p/en/legal/privacy-notice/,Twitch
https://www.apple.com/legal/privacy/,Apple / iOS
https://www.peacocktv.com/privacy,Peacock
https://www.myfitnesspal.com/legal/privacy_policy,MyFitnessPal
https://www.calm.com/privacy-policy,Calm
https://www.headspace.com/privacy-policy,Headspace
https://www.23andme.com/legal/privacy/,23andMe
https://www.noom.com/legal/privacy-policy/,Noom
https://www.strava.com/legal/privacy,Strava
https://www.onepeloton.com/legal/privacy-policy,Peloton
https://policies.tinder.com/privacy/intl/en/,Tinder
https://bumble.com/en/privacy,Bumble
https://hinge.co/privacy,Hinge
https://www.expedia.com/lp/privacypolicy,Expedia
https://www.booking.com/content/privacy.en-gb.html,Booking.com
https://tripadvisor.mediaroom.com/us-privacy-notice,Tripadvisor
https://openai.com/policies/privacy-policy/,ChatGPT
https://privacy.microsoft.com/en-us/privacystatement,Microsoft Copilot / Office
https://www.anthropic.com/legal/privacy,Claude
https://docs.midjourney.com/docs/privacy-policy,Midjourney
https://character.ai/privacy,Character.AI
https://www.perplexity.ai/hub/legal/privacy-policy,Perplexity
https://www.epicgames.com/site/en-US/privacypolicy,Epic Games / Fortnite
https://en.help.roblox.com/hc/en-us/articles/11500463082,Roblox
https://store.steampowered.com/privacy_agreement/,Steam
https://www.activision.com/en/legal/privacy-policy,Call of Duty / Battle.net
https://www.ea.com/legal/privacy-policy,EA / Origin
https://www.nintendo.com/en-US/privacy-policy/,Nintendo Account
https://ring.com/privacy,Ring
https://www.wyze.com/pages/privacy,Wyze
https://www.philips-hue.com/en-us/support/legal/privacy-policy,Philips Hue
https://policies.google.com/privacy,Google Search / Services
https://www.mozilla.org/en-US/privacy/firefox/,Firefox
https://duckduckgo.com/privacy,DuckDuckGo
https://brave.com/privacy/browser/,Brave Browser
https://slack.com/intl/en-us/trust/privacy/privacy-policy,Slack
https://explore.zoom.us/en/privacy/,Zoom
https://www.dropbox.com/privacy,Dropbox
https://www.notion.so/Privacy-Policy,Notion
https://policy.medium.com/medium-privacy-policy,Medium
https://substack.com/privacy,Substack
https://help.nytimes.com/hc/en-us/articles/115014892108-Privacy-policy,NYTimes.com
https://www.binance.com/en/privacy,Binance
https://www.kraken.com/legal/privacy,Kraken
https://www.gemini.com/legal/privacy-policy,Gemini
https://consensys.io/privacy-policy,MetaMask
https://signal.org/legal/,Signal
https://www.waze.com/legal/privacy,Waze
https://www.adobe.com/privacy/policy.html,Adobe Creative Cloud
https://www.samsung.com/us/account/privacy-policy/,Samsung / Galaxy
https://www.fitbit.com/global/us/legal/privacy-policy,Fitbit
https://www.duolingo.com/privacy,Duolingo
https://www.khanacademy.org/about/privacy-policy,Khan Academy
https://www.coursera.org/about/privacy,Coursera
https://docs.github.com/en/site-policy/privacy-policies/github-general-privacy-statement,GitHub
https://www.amazon.com/gp/help/customer/display.html?nodeId=GX7NJQ4ZB8MHFRNJ,Amazon Alexa
